[
	  {
		      "id": "ISBN1",
		          "book_title": "The White Stripes",
			      "author_name": "Chetan Bhagat",
			          "genre": "POLITICS",
				      "publisher": "Penguin",
				          "author_country": "INDIA",
					      "sold_count": 199,
					          "image_url": "http://cdn.quotesgram.com/img/68/32/519283232-21413846.jpg"
						    },
						      {
							          "id": "ISBN2",
								      "book_title": "De Stijl",
								          "author_name": "Chetan Bhagat",
									      "genre": "FICTION",
									          "publisher": "Penguin",
										      "author_country": "CHINA",
										          "sold_count": 2000,
											      "image_url": "https://s-media-cache-ak0.pinimg.com/736x/b0/59/52/b05952a6a03ed7aeed4f0589123a9374--good-books-new-books.jpg"
											        },
												  {
													      "id": "ISBN3",
													          "book_title": "White Blood Cells",
														      "author_name": "Chetan Bhagat",
														          "genre": "FICTION",
															      "publisher": "Penguin",
															          "author_country": "INDIA",
																      "sold_count": 2001,
																          "image_url": "http://bookcoverexpress.com/wp-content/uploads/2016/10/purple.jpg"
																	    },
																	      {
																		          "id": "ISBN4",
																			      "book_title": "Elephant",
																			          "author_name": "Arundhati Roy",
																				      "genre": "POLITICS",
																				          "publisher": "Penguin",
																					      "author_country": "CHINA",
																					          "sold_count": 2003,
																						      "image_url": "http://2.bp.blogspot.com/-iUyURq1XTCs/UNy4IxOfOHI/AAAAAAAAAC8/WrAUZW8mnNg/s1600/HERECOMESTHESWIRL.jpg"
																						        },
																							  {
																								      "id": "ISBN5",
																								          "book_title": "Get Behind Me Satan",
																									      "author_name": "Chetan Bhagat",
																									          "genre": "POLITICS",
																										      "publisher": "Penguin",
																										          "author_country": "CHINA",
																											      "sold_count": 20,
																											          "image_url": "https://about.canva.com/wp-content/uploads/sites/3/2015/01/art_bookcover.png"
																												    },
																												      {
																													          "id": "ISBN6",
																														      "book_title": "Icky Thump",
																														          "author_name": "Arundhati Roy",
																															      "genre": "FICTION",
																															          "publisher": "Penguin",
																																      "author_country": "INDIA",
																																          "sold_count": 2007,
																																	      "image_url": "https://marketplace.canva.com/MACVuAgAxtQ/1/0/thumbnail_large/canva-violet-graphic-design-book-cover-MACVuAgAxtQ.jpg"
																																	        },
																																		  {
																																			      "id": "ISBN7",
																																			          "book_title": "Under Great White Northern Lights",
																																				      "author_name": "Chetan Bhagat",
																																				          "genre": "FICTION",
																																					      "publisher": "Penguin",
																																					          "author_country": "IRAN",
																																						      "sold_count": 2,
																																						          "image_url": "https://about.canva.com/wp-content/uploads/sites/3/2015/01/creative_bookcover.png"
																																							    },
																																							      {
																																								          "id": "ISBN8",
																																									      "book_title": "Live in Mississippi",
																																									          "author_name": "Arundhati Roy",
																																										      "genre": "POLITICS",
																																										          "publisher": "Penguin",
																																											      "author_country": "INDIA",
																																											          "sold_count": 201,
																																												      "image_url": "http://images.penguinrandomhouse.com/cover/9780375701900"
																																												        },
																																													  {
																																														      "id": "ISBN9",
																																														          "book_title": "Live at the Gold Dollar",
																																															      "author_name": "Chetan Bhagat",
																																															          "genre": "FICTION",
																																																      "publisher": "Penguin",
																																																          "author_country": "INDIA",
																																																	      "sold_count": 24,
																																																	          "image_url": "http://images.randomhouse.com/cover/9781607748816"
																																																		    },
																																																		      {
																																																			          "id": "ISBN10",
																																																				      "book_title": "Nine Miles from the White City",
																																																				          "author_name": "Arundhati Roy",
																																																					      "genre": "FICTION",
																																																					          "publisher": "Penguin",
																																																						      "author_country": "INDIA",
																																																						          "sold_count": 202,
																																																							      "image_url": "https://www.skipprichard.com/wp-content/uploads/2015/02/Leadership-Vertigo-Book-Cover.jpg"
																																																							        }
]
